{
  "config": {
    "run_name": "exp1_1",
    "out_dir": "/home/galkesten/CS236781/Homework2/results",
    "seed": 42,
    "device": null,
    "bs_train": 32,
    "bs_test": 32,
    "batches": 1500,
    "epochs": 30,
    "early_stopping": 3,
    "checkpoints": null,
    "lr": 0.0001,
    "reg": 0.0001,
    "filters_per_layer": [
      32
    ],
    "pool_every": 4,
    "hidden_dims": [
      128
    ],
    "model_type": "cnn",
    "conv_params": {
      "kernel_size": 3,
      "stride": 1,
      "padding": 1
    },
    "activation_type": "relu",
    "activation_params": {},
    "pooling_type": "max",
    "pooling_params": {
      "kernel_size": 2
    },
    "batchnorm": false,
    "dropout": 0.0,
    "bottleneck": false,
    "kw": {},
    "layers_per_block": 4
  },
  "results": {
    "num_epochs": 17,
    "train_loss": [
      1.7562269256909688,
      1.4764682273467382,
      1.3533301495313645,
      1.2517676878770192,
      1.1747228988806406,
      1.1135892864068349,
      1.0631109517415365,
      1.0194274547894795,
      0.9783446948925654,
      0.9403448797067007,
      0.9036757711768151,
      0.8681156506339709,
      0.8339935590426127,
      0.8003038295706113,
      0.7668038817246755,
      0.7338974089026451,
      0.7015467166105906
    ],
    "train_acc": [
      36.41041666666667,
      47.33125,
      51.7,
      55.425,
      58.26875,
      60.58541666666667,
      62.61666666666667,
      64.23958333333333,
      65.72916666666667,
      67.16875,
      68.53333333333333,
      69.82916666666667,
      71.01041666666667,
      72.19375,
      73.52083333333333,
      74.68541666666667,
      75.87708333333333
    ],
    "test_loss": [
      1.5414237138181448,
      1.4026174503393447,
      1.3109242360051068,
      1.2326030495067755,
      1.1805168176992251,
      1.1437545721523297,
      1.1198041362884326,
      1.0997550754120555,
      1.0808124886914945,
      1.0676803703125293,
      1.0611166036167083,
      1.054852870706552,
      1.0553516995030852,
      1.0448263321821682,
      1.0515330666170333,
      1.0560493178832264,
      1.067012496935293
    ],
    "test_acc": [
      44.31,
      49.95,
      53.2,
      56.13,
      57.65,
      59.3,
      60.1,
      61.2,
      62.05,
      62.34,
      62.68,
      63.08,
      63.17,
      64.17,
      64.02,
      64.02,
      63.99
    ]
  }
}