{
  "config": {
    "run_name": "exp1_2",
    "out_dir": "/home/galkesten/CS236781/Homework2/results",
    "seed": 42,
    "device": null,
    "bs_train": 32,
    "bs_test": 32,
    "batches": 1500,
    "epochs": 30,
    "early_stopping": 3,
    "checkpoints": null,
    "lr": 0.0001,
    "reg": 0.0001,
    "filters_per_layer": [
      64
    ],
    "pool_every": 4,
    "hidden_dims": [
      128
    ],
    "model_type": "cnn",
    "conv_params": {
      "kernel_size": 3,
      "stride": 1,
      "padding": 1
    },
    "activation_type": "relu",
    "activation_params": {},
    "pooling_type": "max",
    "pooling_params": {
      "kernel_size": 2
    },
    "batchnorm": false,
    "dropout": 0.0,
    "bottleneck": false,
    "kw": {},
    "layers_per_block": 4
  },
  "results": {
    "num_epochs": 14,
    "train_loss": [
      1.6520254848798117,
      1.3478837461471558,
      1.212024436712265,
      1.121498669664065,
      1.0465961656769116,
      0.9793911295731862,
      0.9155669668515524,
      0.8532840732137362,
      0.7940212043722471,
      0.7359286465446154,
      0.6797851674060027,
      0.6238783195018768,
      0.5674119524459044,
      0.5095469627479712
    ],
    "train_acc": [
      40.30625,
      51.822916666666664,
      56.96875,
      60.364583333333336,
      63.19166666666667,
      65.86666666666666,
      68.22083333333333,
      70.45833333333333,
      72.55833333333334,
      74.56666666666666,
      76.59375,
      78.62291666666667,
      80.84166666666667,
      82.93333333333334
    ],
    "test_loss": [
      1.4330468097814737,
      1.2976953535795974,
      1.2222886064562934,
      1.1612113961777366,
      1.1165842701451847,
      1.0767223061844944,
      1.0505435874286932,
      1.0375968556815443,
      1.0274914992503084,
      1.0242659598112869,
      1.0327307098208907,
      1.0608273560818011,
      1.0995687730967427,
      1.1537116431770995
    ],
    "test_acc": [
      48.36,
      53.33,
      56.66,
      59.23,
      60.39,
      61.99,
      62.99,
      63.91,
      64.5,
      65.2,
      65.87,
      65.81,
      65.67,
      65.53
    ]
  }
}