{
  "config": {
    "run_name": "exp1_4",
    "out_dir": "/home/galkesten/CS236781/Homework2/results",
    "seed": 42,
    "device": null,
    "bs_train": 32,
    "bs_test": 32,
    "batches": 1500,
    "epochs": 60,
    "early_stopping": 3,
    "checkpoints": null,
    "lr": 0.0001,
    "reg": 0.0001,
    "filters_per_layer": [
      32
    ],
    "pool_every": 8,
    "hidden_dims": [
      512,
      256
    ],
    "model_type": "resnet",
    "conv_params": {
      "kernel_size": 3,
      "stride": 1,
      "padding": 1
    },
    "activation_type": "relu",
    "activation_params": {},
    "pooling_type": "max",
    "pooling_params": {
      "kernel_size": 2
    },
    "batchnorm": true,
    "dropout": 0.2,
    "bottleneck": false,
    "kw": {},
    "layers_per_block": 32
  },
  "results": {
    "num_epochs": 32,
    "train_loss": [
      2.067000341971715,
      1.754380943775177,
      1.5984833541711172,
      1.5016239450772604,
      1.423919213294983,
      1.3543882839282353,
      1.2838401863177618,
      1.2224509573380153,
      1.1624405075709026,
      1.1129750411510468,
      1.0710046960910162,
      1.0344559172789256,
      1.004670795738697,
      0.9721979510386785,
      0.9477342329223951,
      0.9248774031201998,
      0.9008390249212583,
      0.8795834389527639,
      0.8552889691789946,
      0.83667441346248,
      0.8243854813377063,
      0.806574126859506,
      0.7895839346647262,
      0.7750773163835207,
      0.7627895241975784,
      0.7439511912763119,
      0.7331674728393555,
      0.7233511545558771,
      0.7114959389567376,
      0.6980094851056735,
      0.6918223582903544,
      0.674302864998579
    ],
    "train_acc": [
      22.547916666666666,
      34.983333333333334,
      41.21458333333333,
      44.56875,
      48.18125,
      51.08958333333333,
      53.5875,
      55.954166666666666,
      58.325,
      60.18958333333333,
      61.87083333333333,
      63.16875,
      64.2625,
      65.22708333333334,
      66.38958333333333,
      66.79791666666667,
      68.0625,
      68.54791666666667,
      69.47916666666667,
      70.13125,
      70.76041666666667,
      71.41666666666667,
      71.9625,
      72.50833333333334,
      72.79375,
      73.41875,
      73.92916666666666,
      74.25416666666666,
      74.75208333333333,
      75.19166666666666,
      75.45,
      76.05833333333334
    ],
    "test_loss": [
      1.9563805493303001,
      1.708401694465369,
      1.5083135434994683,
      1.3843015165755543,
      1.3146056658543719,
      1.2356017584237047,
      1.1700093824261675,
      1.1157964822202444,
      1.0593330844903526,
      1.0520790320234938,
      1.0075239148764565,
      1.0023509494412821,
      0.9749352214054559,
      0.9391350705212298,
      0.9187225802257039,
      0.900261687299314,
      0.8932211744709136,
      0.8701367427746709,
      0.8638060082452366,
      0.8573198664112213,
      0.83262408760409,
      0.815108306777363,
      0.8063409665522103,
      0.8114061269421167,
      0.786589859535519,
      0.7883405458336821,
      0.8018287588803532,
      0.7858108775303386,
      0.7564873682043423,
      0.7637130319596098,
      0.7935028957625547,
      0.7707115508163699
    ],
    "test_acc": [
      26.3,
      36.98,
      43.72,
      49.07,
      52.18,
      55.18,
      57.65,
      59.78,
      62.34,
      62.99,
      64.45,
      64.54,
      66.3,
      67.62,
      68.65,
      69.33,
      70.0,
      70.83,
      71.08,
      71.27,
      71.45,
      72.33,
      72.82,
      72.97,
      73.7,
      73.69,
      72.82,
      74.05,
      74.89,
      74.87,
      74.24,
      74.82
    ]
  }
}