{
  "config": {
    "run_name": "exp1_4",
    "out_dir": "/home/galkesten/CS236781/Homework2/results",
    "seed": 42,
    "device": null,
    "bs_train": 32,
    "bs_test": 32,
    "batches": 1500,
    "epochs": 60,
    "early_stopping": 3,
    "checkpoints": null,
    "lr": 0.0001,
    "reg": 0.0001,
    "filters_per_layer": [
      32
    ],
    "pool_every": 8,
    "hidden_dims": [
      512,
      256
    ],
    "model_type": "resnet",
    "conv_params": {
      "kernel_size": 3,
      "stride": 1,
      "padding": 1
    },
    "activation_type": "relu",
    "activation_params": {},
    "pooling_type": "max",
    "pooling_params": {
      "kernel_size": 2
    },
    "batchnorm": true,
    "dropout": 0.2,
    "bottleneck": false,
    "kw": {},
    "layers_per_block": 8
  },
  "results": {
    "num_epochs": 14,
    "train_loss": [
      1.7215490203698476,
      1.4508538757960001,
      1.3049292976458868,
      1.157144004702568,
      1.044457523783048,
      0.9449839826226234,
      0.8610277318755786,
      0.7838800338506698,
      0.7119950244625409,
      0.6346358826160431,
      0.5661247611145178,
      0.49545991883675256,
      0.42568137976030507,
      0.3629323493689299
    ],
    "train_acc": [
      37.3875,
      47.6875,
      52.9875,
      58.68541666666667,
      62.7125,
      66.53125,
      69.65,
      72.3375,
      75.29166666666667,
      77.90625,
      80.40208333333334,
      82.98125,
      85.31458333333333,
      87.50416666666666
    ],
    "test_loss": [
      1.540460429252527,
      1.3899242531377287,
      1.2514420265968615,
      1.1184253846875394,
      1.026727476439918,
      0.987130840079853,
      0.9769185706258963,
      0.9642316741874805,
      0.9338074972073491,
      0.99918127031372,
      1.0117791335994062,
      1.0764966444276012,
      1.1801267109168605,
      1.3643285653080803
    ],
    "test_acc": [
      44.11,
      49.78,
      55.69,
      60.55,
      63.75,
      65.78,
      66.86,
      67.37,
      69.19,
      68.98,
      69.5,
      69.04,
      68.24,
      66.52
    ]
  }
}