{
  "config": {
    "run_name": "exp1_1",
    "out_dir": "/home/galkesten/CS236781/Homework2/results",
    "seed": 42,
    "device": null,
    "bs_train": 32,
    "bs_test": 32,
    "batches": 1500,
    "epochs": 30,
    "early_stopping": 3,
    "checkpoints": null,
    "lr": 0.0001,
    "reg": 0.0001,
    "filters_per_layer": [
      32
    ],
    "pool_every": 4,
    "hidden_dims": [
      128
    ],
    "model_type": "cnn",
    "conv_params": {
      "kernel_size": 3,
      "stride": 1,
      "padding": 1
    },
    "activation_type": "relu",
    "activation_params": {},
    "pooling_type": "max",
    "pooling_params": {
      "kernel_size": 2
    },
    "batchnorm": false,
    "dropout": 0.0,
    "bottleneck": false,
    "kw": {},
    "layers_per_block": 2
  },
  "results": {
    "num_epochs": 24,
    "train_loss": [
      1.6943556492328644,
      1.4125311400492986,
      1.292332031885783,
      1.2108979572455087,
      1.1503976379235585,
      1.0999781138896942,
      1.055697250843048,
      1.0154968829552333,
      0.9771234798034032,
      0.9400785635312399,
      0.9037457332412402,
      0.8686503356496493,
      0.8343002253770828,
      0.8009785309235254,
      0.7684353889624278,
      0.736647230843703,
      0.7050318356752395,
      0.6740630261699359,
      0.6433653829693794,
      0.6130697048306465,
      0.58303601633509,
      0.553414264857769,
      0.5244237204690775,
      0.49556420466303824
    ],
    "train_acc": [
      39.791666666666664,
      50.06875,
      54.28541666666667,
      57.170833333333334,
      59.4375,
      61.30416666666667,
      62.79375,
      64.36041666666667,
      65.79791666666667,
      67.20416666666667,
      68.58958333333334,
      69.86875,
      71.14791666666666,
      72.44166666666666,
      73.6125,
      74.77916666666667,
      75.98958333333333,
      77.18125,
      78.24583333333334,
      79.49583333333334,
      80.60208333333334,
      81.74375,
      82.86458333333333,
      84.01458333333333
    ],
    "test_loss": [
      1.4914835344869108,
      1.3501119762182998,
      1.2753991979760484,
      1.2271557244629905,
      1.1920376768508278,
      1.1634831489465487,
      1.1391247905100497,
      1.1210312464366705,
      1.1054288291702636,
      1.0905067355107194,
      1.0779794810679013,
      1.067924408295665,
      1.060996856171483,
      1.0559475648517427,
      1.055917324159092,
      1.0548756933821657,
      1.0594345352139336,
      1.0659007531004592,
      1.0704385816289212,
      1.0810124349479857,
      1.093301167788978,
      1.1086599199345317,
      1.1262317199866994,
      1.145810865460874
    ],
    "test_acc": [
      46.61,
      52.3,
      55.1,
      56.54,
      57.56,
      58.54,
      59.46,
      60.24,
      60.92,
      61.49,
      62.09,
      62.56,
      62.9,
      63.06,
      63.13,
      63.43,
      63.42,
      63.55,
      63.72,
      63.99,
      64.24,
      63.95,
      63.91,
      63.68
    ]
  }
}