{
  "config": {
    "run_name": "exp1_3",
    "out_dir": "/home/galkesten/CS236781/Homework2/results",
    "seed": 42,
    "device": null,
    "bs_train": 32,
    "bs_test": 32,
    "batches": 1500,
    "epochs": 30,
    "early_stopping": 3,
    "checkpoints": null,
    "lr": 0.0001,
    "reg": 0.0001,
    "filters_per_layer": [
      64,
      128
    ],
    "pool_every": 4,
    "hidden_dims": [
      128
    ],
    "model_type": "cnn",
    "conv_params": {
      "kernel_size": 3,
      "stride": 1,
      "padding": 1
    },
    "activation_type": "relu",
    "activation_params": {},
    "pooling_type": "max",
    "pooling_params": {
      "kernel_size": 2
    },
    "batchnorm": false,
    "dropout": 0.0,
    "bottleneck": false,
    "kw": {},
    "layers_per_block": 4
  },
  "results": {
    "num_epochs": 11,
    "train_loss": [
      1.8031928112506868,
      1.4502412793238957,
      1.2728033866882325,
      1.1402770310640336,
      1.0283881895343463,
      0.9290976311763127,
      0.840282188475132,
      0.7494868889451027,
      0.6615879239241282,
      0.5708676033417384,
      0.4863553278843562
    ],
    "train_acc": [
      33.19375,
      47.5,
      54.1875,
      59.30625,
      63.76875,
      67.38541666666667,
      70.60625,
      73.81041666666667,
      76.925,
      80.31666666666666,
      83.39375
    ],
    "test_loss": [
      1.5371420627203993,
      1.3511687520974742,
      1.2391835845316561,
      1.1680239248580444,
      1.1054810733079148,
      1.077884752719928,
      1.0694016415280656,
      1.0973115947109442,
      1.1755275785351713,
      1.419705544607327,
      1.6652696595405236
    ],
    "test_acc": [
      43.66,
      51.27,
      55.65,
      58.57,
      60.93,
      62.29,
      63.42,
      64.25,
      63.72,
      60.6,
      58.47
    ]
  }
}