{
  "config": {
    "run_name": "exp1_3",
    "out_dir": "/home/galkesten/CS236781/Homework2/results",
    "seed": 42,
    "device": null,
    "bs_train": 32,
    "bs_test": 32,
    "batches": 1500,
    "epochs": 30,
    "early_stopping": 3,
    "checkpoints": null,
    "lr": 0.0001,
    "reg": 0.0001,
    "filters_per_layer": [
      64,
      128
    ],
    "pool_every": 4,
    "hidden_dims": [
      128
    ],
    "model_type": "cnn",
    "conv_params": {
      "kernel_size": 3,
      "stride": 1,
      "padding": 1
    },
    "activation_type": "relu",
    "activation_params": {},
    "pooling_type": "max",
    "pooling_params": {
      "kernel_size": 2
    },
    "batchnorm": false,
    "dropout": 0.0,
    "bottleneck": false,
    "kw": {},
    "layers_per_block": 2
  },
  "results": {
    "num_epochs": 13,
    "train_loss": [
      1.6019615937074025,
      1.2834880272547404,
      1.1449868836402892,
      1.0267757461071014,
      0.9222164751291275,
      0.8275938143531482,
      0.7399330773750941,
      0.6515230262180169,
      0.5626271398166816,
      0.4746992725829283,
      0.3860436404496431,
      0.3059589865207672,
      0.24188974742343028
    ],
    "train_acc": [
      42.28541666666667,
      54.29375,
      59.25416666666667,
      63.916666666666664,
      67.8625,
      71.36458333333333,
      74.57708333333333,
      77.9,
      81.07916666666667,
      84.33333333333333,
      87.63541666666667,
      90.09166666666667,
      92.14791666666666
    ],
    "test_loss": [
      1.4176887071932467,
      1.2742721817363947,
      1.1909636243844566,
      1.120426925036092,
      1.0648230643698964,
      1.0474519750561577,
      1.0383405879663583,
      1.0463988575310752,
      1.0893502002135633,
      1.1746996487862766,
      1.2841896749913884,
      1.418555204289409,
      1.6473795988689215
    ],
    "test_acc": [
      49.24,
      54.2,
      57.42,
      59.92,
      62.71,
      63.84,
      64.57,
      65.26,
      65.38,
      65.54,
      65.5,
      65.09,
      64.16
    ]
  }
}