{
  "config": {
    "run_name": "exp1_2",
    "out_dir": "/home/galkesten/CS236781/Homework2/results",
    "seed": 42,
    "device": null,
    "bs_train": 32,
    "bs_test": 32,
    "batches": 1500,
    "epochs": 30,
    "early_stopping": 3,
    "checkpoints": null,
    "lr": 0.0001,
    "reg": 0.0001,
    "filters_per_layer": [
      32
    ],
    "pool_every": 4,
    "hidden_dims": [
      128
    ],
    "model_type": "cnn",
    "conv_params": {
      "kernel_size": 3,
      "stride": 1,
      "padding": 1
    },
    "activation_type": "relu",
    "activation_params": {},
    "pooling_type": "max",
    "pooling_params": {
      "kernel_size": 2
    },
    "batchnorm": false,
    "dropout": 0.0,
    "bottleneck": false,
    "kw": {},
    "layers_per_block": 8
  },
  "results": {
    "num_epochs": 16,
    "train_loss": [
      1.9056118874549866,
      1.6545870125293731,
      1.5277113045454025,
      1.4096198237339657,
      1.3249735962549845,
      1.2608061265945434,
      1.2054675000508626,
      1.1542919237216314,
      1.1079832972288133,
      1.0650281174580256,
      1.0258404573798179,
      0.9873092697064082,
      0.9514370210170746,
      0.9162523097991944,
      0.8824804304440816,
      0.8490023074348768
    ],
    "train_acc": [
      29.177083333333332,
      39.32083333333333,
      44.56458333333333,
      49.15416666666667,
      52.42916666666667,
      55.16041666666667,
      57.24375,
      59.327083333333334,
      61.020833333333336,
      62.50833333333333,
      63.9625,
      65.40625,
      66.73541666666667,
      67.97291666666666,
      69.33125,
      70.49791666666667
    ],
    "test_loss": [
      1.714670333618554,
      1.585146619869878,
      1.4741029948853075,
      1.3755592667637542,
      1.318837517937913,
      1.2727827877282334,
      1.2350765912296673,
      1.2033286441248445,
      1.1776737854503596,
      1.1554991810466535,
      1.1448129962046687,
      1.135755263959257,
      1.1318945048716123,
      1.149306359192053,
      1.1733249252596603,
      1.1930093828100747
    ],
    "test_acc": [
      36.65,
      41.7,
      46.04,
      49.67,
      52.4,
      54.45,
      55.93,
      57.13,
      57.91,
      58.92,
      59.73,
      60.52,
      60.7,
      60.06,
      59.77,
      59.68
    ]
  }
}