{
  "config": {
    "run_name": "exp1_1",
    "out_dir": "/home/galkesten/CS236781/Homework2/results",
    "seed": 42,
    "device": null,
    "bs_train": 32,
    "bs_test": 32,
    "batches": 1500,
    "epochs": 30,
    "early_stopping": 3,
    "checkpoints": null,
    "lr": 0.0001,
    "reg": 0.0001,
    "filters_per_layer": [
      32
    ],
    "pool_every": 4,
    "hidden_dims": [
      128
    ],
    "model_type": "cnn",
    "conv_params": {
      "kernel_size": 3,
      "stride": 1,
      "padding": 1
    },
    "activation_type": "relu",
    "activation_params": {},
    "pooling_type": "max",
    "pooling_params": {
      "kernel_size": 2
    },
    "batchnorm": false,
    "dropout": 0.0,
    "bottleneck": false,
    "kw": {},
    "layers_per_block": 8
  },
  "results": {
    "num_epochs": 16,
    "train_loss": [
      1.9054771184126535,
      1.6401311435699464,
      1.5176107466220856,
      1.4109631344079971,
      1.321725340684255,
      1.2511079561312994,
      1.1912338300148646,
      1.1379912741184235,
      1.0890048572619757,
      1.0452367521524428,
      1.0055885909001032,
      0.9680790529052417,
      0.9324725751876831,
      0.8989013191660246,
      0.8668061430652936,
      0.8342358324925104
    ],
    "train_acc": [
      29.145833333333332,
      39.51875,
      44.98125,
      49.139583333333334,
      52.547916666666666,
      55.2,
      57.59791666666667,
      59.72291666666667,
      61.55625,
      63.291666666666664,
      64.74583333333334,
      66.0625,
      67.39583333333333,
      68.58125,
      69.80416666666666,
      70.81875
    ],
    "test_loss": [
      1.7170268834208529,
      1.5724941095985925,
      1.4728715400726269,
      1.394224771676353,
      1.3384942456175344,
      1.2822593429598945,
      1.239902886148459,
      1.2160304800009194,
      1.1894269162854447,
      1.1863111842173737,
      1.1660279345969422,
      1.1489598918646668,
      1.1383537949083713,
      1.149500586925604,
      1.1550772089166002,
      1.1734529548940567
    ],
    "test_acc": [
      36.15,
      42.52,
      46.9,
      49.87,
      51.68,
      53.9,
      55.26,
      56.23,
      57.83,
      58.0,
      59.07,
      60.01,
      60.8,
      60.62,
      60.51,
      60.18
    ]
  }
}