{
  "config": {
    "run_name": "exp1_2",
    "out_dir": "/home/galkesten/CS236781/Homework2/results",
    "seed": 42,
    "device": null,
    "bs_train": 32,
    "bs_test": 32,
    "batches": 1500,
    "epochs": 30,
    "early_stopping": 3,
    "checkpoints": null,
    "lr": 0.0001,
    "reg": 0.0001,
    "filters_per_layer": [
      128
    ],
    "pool_every": 4,
    "hidden_dims": [
      128
    ],
    "model_type": "cnn",
    "conv_params": {
      "kernel_size": 3,
      "stride": 1,
      "padding": 1
    },
    "activation_type": "relu",
    "activation_params": {},
    "pooling_type": "max",
    "pooling_params": {
      "kernel_size": 2
    },
    "batchnorm": false,
    "dropout": 0.0,
    "bottleneck": false,
    "kw": {},
    "layers_per_block": 2
  },
  "results": {
    "num_epochs": 11,
    "train_loss": [
      1.5112102326154708,
      1.1872543294827143,
      1.0443524764577548,
      0.9387626096010208,
      0.8515274293820063,
      0.7722578586935998,
      0.6956404108603795,
      0.6209251484374205,
      0.5474537839194139,
      0.47482373674710593,
      0.40403874998291334
    ],
    "train_acc": [
      46.0375,
      58.114583333333336,
      63.53125,
      67.34791666666666,
      70.44583333333334,
      73.45625,
      76.33125,
      79.24375,
      82.08958333333334,
      84.85625,
      87.66041666666666
    ],
    "test_loss": [
      1.3102418479447167,
      1.1725227697588765,
      1.0932227912040564,
      1.0487330752058912,
      1.0264541845732984,
      1.0174253093548857,
      1.0214863657570494,
      1.0375415974150832,
      1.0637890113809239,
      1.106301218747331,
      1.1577607744608442
    ],
    "test_acc": [
      52.89,
      58.59,
      61.68,
      63.39,
      64.08,
      64.63,
      64.79,
      65.21,
      65.11,
      65.13,
      64.91
    ]
  }
}