{
  "config": {
    "run_name": "exp1_1",
    "out_dir": "/home/galkesten/CS236781/Homework2/results",
    "seed": 42,
    "device": null,
    "bs_train": 32,
    "bs_test": 32,
    "batches": 1500,
    "epochs": 30,
    "early_stopping": 3,
    "checkpoints": null,
    "lr": 0.0001,
    "reg": 0.0001,
    "filters_per_layer": [
      64
    ],
    "pool_every": 4,
    "hidden_dims": [
      128
    ],
    "model_type": "cnn",
    "conv_params": {
      "kernel_size": 3,
      "stride": 1,
      "padding": 1
    },
    "activation_type": "relu",
    "activation_params": {},
    "pooling_type": "max",
    "pooling_params": {
      "kernel_size": 2
    },
    "batchnorm": false,
    "dropout": 0.0,
    "bottleneck": false,
    "kw": {},
    "layers_per_block": 8
  },
  "results": {
    "num_epochs": 14,
    "train_loss": [
      1.8109184865156809,
      1.4638231186072033,
      1.323294314901034,
      1.2219695602655412,
      1.1364179626305897,
      1.0575284262895583,
      0.9867417813539505,
      0.9241237790584564,
      0.8628080172538757,
      0.8021967257658641,
      0.7436820626159509,
      0.6873767413000266,
      0.6321803255975247,
      0.5789874997437
    ],
    "train_acc": [
      33.475,
      47.05,
      52.68958333333333,
      56.458333333333336,
      59.75833333333333,
      62.71458333333333,
      65.35208333333334,
      67.75833333333334,
      69.95833333333333,
      72.33541666666666,
      74.22708333333334,
      76.23125,
      78.45416666666667,
      80.20625
    ],
    "test_loss": [
      1.64053968804332,
      1.3795602045501003,
      1.2824245849356484,
      1.2288753879717744,
      1.1836119629323674,
      1.1488781377149466,
      1.14991906885141,
      1.155240445472181,
      1.1647709368135983,
      1.1846365484947594,
      1.22473999829338,
      1.2784501298928794,
      1.3779751361368564,
      1.4699135017090332
    ],
    "test_acc": [
      40.62,
      50.26,
      53.66,
      56.24,
      57.83,
      59.38,
      60.23,
      60.69,
      61.2,
      61.58,
      61.84,
      61.32,
      61.52,
      61.47
    ]
  }
}