{
  "config": {
    "run_name": "exp1_3",
    "out_dir": "/home/galkesten/CS236781/Homework2/results",
    "seed": 42,
    "device": null,
    "bs_train": 32,
    "bs_test": 32,
    "batches": 1500,
    "epochs": 30,
    "early_stopping": 3,
    "checkpoints": null,
    "lr": 0.0001,
    "reg": 0.0001,
    "filters_per_layer": [
      64,
      128
    ],
    "pool_every": 4,
    "hidden_dims": [
      128
    ],
    "model_type": "cnn",
    "conv_params": {
      "kernel_size": 3,
      "stride": 1,
      "padding": 1
    },
    "activation_type": "relu",
    "activation_params": {},
    "pooling_type": "max",
    "pooling_params": {
      "kernel_size": 2
    },
    "batchnorm": false,
    "dropout": 0.0,
    "bottleneck": false,
    "kw": {},
    "layers_per_block": 3
  },
  "results": {
    "num_epochs": 9,
    "train_loss": [
      1.7080484047730764,
      1.3526576781272888,
      1.1771721585989,
      1.0472428604563078,
      0.9357313375473022,
      0.833861402173837,
      0.7309489149451256,
      0.6277697470784187,
      0.5316554167568683
    ],
    "train_acc": [
      37.68333333333333,
      50.916666666666664,
      58.079166666666666,
      62.93958333333333,
      67.24375,
      70.90416666666667,
      74.71041666666666,
      78.35208333333334,
      81.95208333333333
    ],
    "test_loss": [
      1.4817936599445038,
      1.2819913159163234,
      1.1849973753999217,
      1.100670561813318,
      1.0576270240754746,
      1.0466531129500356,
      1.0866277787251213,
      1.2019470566377852,
      1.3100207030963593
    ],
    "test_acc": [
      45.76,
      53.94,
      57.45,
      60.88,
      62.92,
      64.01,
      64.01,
      62.56,
      62.75
    ]
  }
}