{
  "config": {
    "run_name": "exp1_2",
    "out_dir": "/home/galkesten/CS236781/Homework2/results",
    "seed": 42,
    "device": null,
    "bs_train": 32,
    "bs_test": 32,
    "batches": 1500,
    "epochs": 30,
    "early_stopping": 3,
    "checkpoints": null,
    "lr": 0.0001,
    "reg": 0.0001,
    "filters_per_layer": [
      128
    ],
    "pool_every": 4,
    "hidden_dims": [
      128
    ],
    "model_type": "cnn",
    "conv_params": {
      "kernel_size": 3,
      "stride": 1,
      "padding": 1
    },
    "activation_type": "relu",
    "activation_params": {},
    "pooling_type": "max",
    "pooling_params": {
      "kernel_size": 2
    },
    "batchnorm": false,
    "dropout": 0.0,
    "bottleneck": false,
    "kw": {},
    "layers_per_block": 8
  },
  "results": {
    "num_epochs": 10,
    "train_loss": [
      1.7130332906246186,
      1.2947001319328943,
      1.1191337260405223,
      0.9792912653485933,
      0.8520030081073443,
      0.7301042387485505,
      0.6117915254135926,
      0.5037122578720252,
      0.41520944275458654,
      0.33577100522319475
    ],
    "train_acc": [
      37.3125,
      53.93333333333333,
      60.51875,
      65.69166666666666,
      70.43958333333333,
      74.47708333333334,
      78.92708333333333,
      82.7125,
      85.79375,
      88.30625
    ],
    "test_loss": [
      1.4284288540434913,
      1.2507632519490421,
      1.2139980897735865,
      1.1684537986977794,
      1.169570088767396,
      1.2013951505715854,
      1.3374160489144797,
      1.528976264662636,
      1.7984400608669073,
      1.910137792555288
    ],
    "test_acc": [
      47.61,
      54.35,
      56.4,
      59.3,
      61.3,
      62.77,
      62.92,
      62.17,
      60.53,
      59.39
    ]
  }
}