{
  "config": {
    "run_name": "exp1_1",
    "out_dir": "/home/galkesten/CS236781/Homework2/results",
    "seed": 42,
    "device": null,
    "bs_train": 32,
    "bs_test": 32,
    "batches": 1500,
    "epochs": 30,
    "early_stopping": 3,
    "checkpoints": null,
    "lr": 0.0001,
    "reg": 0.0001,
    "filters_per_layer": [
      64
    ],
    "pool_every": 4,
    "hidden_dims": [
      128
    ],
    "model_type": "cnn",
    "conv_params": {
      "kernel_size": 3,
      "stride": 1,
      "padding": 1
    },
    "activation_type": "relu",
    "activation_params": {},
    "pooling_type": "max",
    "pooling_params": {
      "kernel_size": 2
    },
    "batchnorm": false,
    "dropout": 0.0,
    "bottleneck": false,
    "kw": {},
    "layers_per_block": 2
  },
  "results": {
    "num_epochs": 14,
    "train_loss": [
      1.5512230044205984,
      1.2594441799720129,
      1.1445816726287206,
      1.05478280266126,
      0.9736072837909062,
      0.8997797027031581,
      0.8309496976733207,
      0.7659124314188958,
      0.7035553179383278,
      0.6424725847542286,
      0.5834380564888318,
      0.5253249381482601,
      0.46885045238335926,
      0.4132647908528646
    ],
    "train_acc": [
      44.78958333333333,
      55.33958333333333,
      59.889583333333334,
      63.36666666666667,
      66.24375,
      68.82083333333334,
      71.30625,
      73.72916666666667,
      75.99375,
      78.48125,
      80.69583333333334,
      83.01666666666667,
      85.2625,
      87.40208333333334
    ],
    "test_loss": [
      1.3716928058158095,
      1.2632042758000164,
      1.1968947071998646,
      1.148554799655756,
      1.108051425161453,
      1.0874915473377362,
      1.076605636090897,
      1.075702816152725,
      1.0790221670184272,
      1.0910931221974163,
      1.1077897242082955,
      1.1398307521122333,
      1.1688997621734303,
      1.2171454328698472
    ],
    "test_acc": [
      50.46,
      54.95,
      57.64,
      59.31,
      60.59,
      61.68,
      62.37,
      62.84,
      63.27,
      63.34,
      63.51,
      63.32,
      63.16,
      63.08
    ]
  }
}