{
  "config": {
    "run_name": "exp1_2",
    "out_dir": "/home/galkesten/CS236781/Homework2/results",
    "seed": 42,
    "device": null,
    "bs_train": 32,
    "bs_test": 32,
    "batches": 1500,
    "epochs": 30,
    "early_stopping": 3,
    "checkpoints": null,
    "lr": 0.0001,
    "reg": 0.0001,
    "filters_per_layer": [
      64
    ],
    "pool_every": 4,
    "hidden_dims": [
      128
    ],
    "model_type": "cnn",
    "conv_params": {
      "kernel_size": 3,
      "stride": 1,
      "padding": 1
    },
    "activation_type": "relu",
    "activation_params": {},
    "pooling_type": "max",
    "pooling_params": {
      "kernel_size": 2
    },
    "batchnorm": false,
    "dropout": 0.0,
    "bottleneck": false,
    "kw": {},
    "layers_per_block": 2
  },
  "results": {
    "num_epochs": 13,
    "train_loss": [
      1.5512838173309962,
      1.2613067477544149,
      1.147523386756579,
      1.0583187409639359,
      0.9777341900467873,
      0.904071539580822,
      0.835778112788995,
      0.7713814108769099,
      0.7101687640746435,
      0.6504359611670176,
      0.5929891852935155,
      0.5361230977574984,
      0.48085350706179936
    ],
    "train_acc": [
      44.78541666666667,
      55.31041666666667,
      59.70625,
      63.07083333333333,
      66.11458333333333,
      68.61666666666666,
      71.17916666666666,
      73.61666666666666,
      75.89375,
      78.25208333333333,
      80.35625,
      82.67083333333333,
      84.86875
    ],
    "test_loss": [
      1.373923477654259,
      1.260371018903324,
      1.1939816035020847,
      1.142566278148383,
      1.1074830724027591,
      1.0865176394343756,
      1.0717765056667998,
      1.0684234541825974,
      1.069946466543423,
      1.0821878188334333,
      1.099910469100879,
      1.1218378760944159,
      1.1551639306278656
    ],
    "test_acc": [
      50.2,
      55.01,
      57.79,
      59.67,
      61.11,
      61.64,
      62.27,
      62.69,
      63.28,
      63.49,
      63.29,
      63.45,
      63.32
    ]
  }
}