{
  "config": {
    "run_name": "exp1_2",
    "out_dir": "/home/galkesten/CS236781/Homework2/results",
    "seed": 42,
    "device": null,
    "bs_train": 32,
    "bs_test": 32,
    "batches": 1500,
    "epochs": 30,
    "early_stopping": 3,
    "checkpoints": null,
    "lr": 0.0001,
    "reg": 0.0001,
    "filters_per_layer": [
      32
    ],
    "pool_every": 4,
    "hidden_dims": [
      128
    ],
    "model_type": "cnn",
    "conv_params": {
      "kernel_size": 3,
      "stride": 1,
      "padding": 1
    },
    "activation_type": "relu",
    "activation_params": {},
    "pooling_type": "max",
    "pooling_params": {
      "kernel_size": 2
    },
    "batchnorm": false,
    "dropout": 0.0,
    "bottleneck": false,
    "kw": {},
    "layers_per_block": 2
  },
  "results": {
    "num_epochs": 26,
    "train_loss": [
      1.6942115081946054,
      1.4108957948287328,
      1.2893376101255416,
      1.206904605825742,
      1.1462219459215799,
      1.0958481899499892,
      1.0513614617188771,
      1.0100426708857217,
      0.9708390364249547,
      0.9331036357879638,
      0.8966109355688096,
      0.8614983709653219,
      0.8271573777596156,
      0.7937768478989601,
      0.7614234367609024,
      0.7298411054213841,
      0.6986145337621371,
      0.6681471672852834,
      0.6377037268777689,
      0.6079433732628823,
      0.5785388238430024,
      0.5497175600727399,
      0.5210545523265998,
      0.49306856719652814,
      0.4650129968921343,
      0.43709891963005065
    ],
    "train_acc": [
      39.78333333333333,
      50.052083333333336,
      54.47083333333333,
      57.2875,
      59.66458333333333,
      61.52291666666667,
      63.05,
      64.63333333333334,
      66.02916666666667,
      67.47083333333333,
      68.89375,
      70.20833333333333,
      71.54375,
      72.86875,
      73.9,
      75.06041666666667,
      76.2875,
      77.28333333333333,
      78.43125,
      79.50833333333334,
      80.64166666666667,
      81.75,
      82.96041666666666,
      84.0,
      85.25,
      86.38125
    ],
    "test_loss": [
      1.4916691749621505,
      1.348432168031272,
      1.272115603993876,
      1.226061344527589,
      1.1925589497477864,
      1.162649449639427,
      1.1382278891417166,
      1.118825935327207,
      1.1017989999950883,
      1.0889263080712706,
      1.0790921442044048,
      1.0679130611328271,
      1.0620394141529315,
      1.0577818168618809,
      1.056540514904851,
      1.059971358829413,
      1.0629056701644921,
      1.067787597735469,
      1.0767769084190026,
      1.085071887832861,
      1.0979196132181552,
      1.112505574576771,
      1.128612776343434,
      1.1473000572321894,
      1.170038310769267,
      1.1974820355637767
    ],
    "test_acc": [
      46.72,
      52.34,
      54.83,
      56.52,
      57.45,
      58.45,
      59.4,
      60.04,
      60.94,
      61.49,
      61.72,
      62.35,
      62.78,
      62.98,
      63.3,
      63.2,
      63.45,
      63.55,
      63.56,
      63.56,
      63.77,
      63.8,
      63.81,
      63.74,
      63.57,
      63.33
    ]
  }
}