{
  "config": {
    "run_name": "exp1_1",
    "out_dir": "/home/galkesten/CS236781/Homework2/results",
    "seed": 42,
    "device": null,
    "bs_train": 32,
    "bs_test": 32,
    "batches": 1500,
    "epochs": 30,
    "early_stopping": 3,
    "checkpoints": null,
    "lr": 0.0001,
    "reg": 0.0001,
    "filters_per_layer": [
      64
    ],
    "pool_every": 4,
    "hidden_dims": [
      128
    ],
    "model_type": "cnn",
    "conv_params": {
      "kernel_size": 3,
      "stride": 1,
      "padding": 1
    },
    "activation_type": "relu",
    "activation_params": {},
    "pooling_type": "max",
    "pooling_params": {
      "kernel_size": 2
    },
    "batchnorm": false,
    "dropout": 0.0,
    "bottleneck": false,
    "kw": {},
    "layers_per_block": 4
  },
  "results": {
    "num_epochs": 17,
    "train_loss": [
      1.6525044918457668,
      1.3471662984689077,
      1.2180643652280172,
      1.1291484286785125,
      1.0536588054498037,
      0.9842956094543139,
      0.9172501915693283,
      0.8520157368779182,
      0.788941840449969,
      0.7297162383596102,
      0.6729143166542053,
      0.6166577838857968,
      0.5598562312821547,
      0.5015431181887786,
      0.44477228438854216,
      0.3903113406896591,
      0.3394601384450992
    ],
    "train_acc": [
      40.25,
      51.8625,
      56.68958333333333,
      60.075,
      62.96041666666667,
      65.47916666666667,
      68.14375,
      70.46041666666666,
      72.74375,
      74.775,
      76.78541666666666,
      78.80625,
      80.95416666666667,
      83.26041666666667,
      85.28125,
      87.4,
      88.97291666666666
    ],
    "test_loss": [
      1.4512953289781516,
      1.3084532987957183,
      1.250137342622105,
      1.1971127124259267,
      1.1553350818423798,
      1.1101077250398386,
      1.0758167777579433,
      1.0532402901794202,
      1.0274491133019565,
      1.026522203280141,
      1.0316788992180992,
      1.0503270109050191,
      1.0803379668785742,
      1.1288816416606355,
      1.2011716645746566,
      1.309645018352868,
      1.413096228156227
    ],
    "test_acc": [
      47.72,
      52.84,
      55.41,
      57.53,
      59.1,
      60.9,
      62.3,
      63.4,
      64.46,
      65.29,
      65.97,
      66.2,
      66.19,
      66.27,
      65.96,
      65.4,
      65.51
    ]
  }
}