{
  "config": {
    "run_name": "exp1_4",
    "out_dir": "/home/galkesten/CS236781/Homework2/results",
    "seed": 42,
    "device": null,
    "bs_train": 32,
    "bs_test": 32,
    "batches": 1500,
    "epochs": 60,
    "early_stopping": 3,
    "checkpoints": null,
    "lr": 0.0001,
    "reg": 0.0001,
    "filters_per_layer": [
      64,
      128,
      256
    ],
    "pool_every": 8,
    "hidden_dims": [
      512,
      256
    ],
    "model_type": "resnet",
    "conv_params": {
      "kernel_size": 3,
      "stride": 1,
      "padding": 1
    },
    "activation_type": "relu",
    "activation_params": {},
    "pooling_type": "max",
    "pooling_params": {
      "kernel_size": 2
    },
    "batchnorm": true,
    "dropout": 0.2,
    "bottleneck": false,
    "kw": {},
    "layers_per_block": 4
  },
  "results": {
    "num_epochs": 9,
    "train_loss": [
      1.5949697204430897,
      1.1744570441643396,
      0.9086276149551074,
      0.7031859536965688,
      0.5153083208700021,
      0.34576626429458457,
      0.22570122164736192,
      0.15785263998247684,
      0.11244843721141418
    ],
    "train_acc": [
      41.833333333333336,
      57.88333333333333,
      68.09375,
      75.42291666666667,
      82.29375,
      88.18333333333334,
      92.48958333333333,
      94.6125,
      96.31666666666666
    ],
    "test_loss": [
      1.4273024197584523,
      1.0700661317228128,
      0.9701467911465861,
      0.8848531193817004,
      0.9742298997438754,
      1.0614805988991223,
      1.3059980068534327,
      1.4102460184036352,
      1.5744941646869952
    ],
    "test_acc": [
      48.18,
      62.45,
      67.42,
      71.4,
      70.45,
      71.91,
      69.91,
      70.49,
      70.37
    ]
  }
}