{
  "config": {
    "run_name": "exp1_2",
    "out_dir": "/home/galkesten/CS236781/Homework2/results",
    "seed": 42,
    "device": null,
    "bs_train": 32,
    "bs_test": 32,
    "batches": 1500,
    "epochs": 30,
    "early_stopping": 3,
    "checkpoints": null,
    "lr": 0.0001,
    "reg": 0.0001,
    "filters_per_layer": [
      32
    ],
    "pool_every": 4,
    "hidden_dims": [
      128
    ],
    "model_type": "cnn",
    "conv_params": {
      "kernel_size": 3,
      "stride": 1,
      "padding": 1
    },
    "activation_type": "relu",
    "activation_params": {},
    "pooling_type": "max",
    "pooling_params": {
      "kernel_size": 2
    },
    "batchnorm": false,
    "dropout": 0.0,
    "bottleneck": false,
    "kw": {},
    "layers_per_block": 4
  },
  "results": {
    "num_epochs": 23,
    "train_loss": [
      1.757186369975408,
      1.4769315640926362,
      1.3502681757211685,
      1.2536053042411803,
      1.1829875132640202,
      1.1273931860526403,
      1.0792312568823497,
      1.0364646310806274,
      0.9986341057022413,
      0.963108346581459,
      0.92906132320563,
      0.8952271947264672,
      0.8629900224407514,
      0.8312071745793025,
      0.7998052091399829,
      0.7682752729852994,
      0.736940377831459,
      0.7061307309071223,
      0.6748933190703392,
      0.6436629998187224,
      0.6133619047900041,
      0.5844456577102344,
      0.5533512806495031
    ],
    "train_acc": [
      36.475,
      47.322916666666664,
      51.875,
      55.208333333333336,
      57.77708333333333,
      59.93541666666667,
      61.93541666666667,
      63.43958333333333,
      64.77083333333333,
      66.20625,
      67.4375,
      68.65833333333333,
      69.92291666666667,
      71.00833333333334,
      72.17916666666666,
      73.23541666666667,
      74.50416666666666,
      75.68541666666667,
      76.87916666666666,
      78.05833333333334,
      79.09583333333333,
      80.075,
      81.18541666666667
    ],
    "test_loss": [
      1.5395788476109125,
      1.4058978237663975,
      1.3163651980150242,
      1.2421727831752156,
      1.1921568849977975,
      1.1587171817359072,
      1.1246572898599667,
      1.1009373063096604,
      1.0855719235758432,
      1.0738779744401146,
      1.0637613205483165,
      1.057398656686655,
      1.0534109798864053,
      1.055116825591261,
      1.0579014131055473,
      1.0589158150334708,
      1.0569793528642137,
      1.064164125881256,
      1.0748453027904985,
      1.0909712604059578,
      1.1142856330155564,
      1.1394592333144653,
      1.182568926399889
    ],
    "test_acc": [
      44.34,
      49.94,
      53.43,
      55.82,
      57.5,
      58.99,
      60.27,
      61.03,
      61.47,
      62.02,
      62.45,
      62.78,
      63.09,
      63.26,
      63.28,
      63.55,
      63.95,
      63.98,
      64.06,
      64.23,
      63.99,
      63.78,
      63.55
    ]
  }
}