{
  "config": {
    "run_name": "exp1_4",
    "out_dir": "/home/galkesten/CS236781/Homework2/results",
    "seed": 42,
    "device": null,
    "bs_train": 32,
    "bs_test": 32,
    "batches": 1500,
    "epochs": 60,
    "early_stopping": 3,
    "checkpoints": null,
    "lr": 0.0001,
    "reg": 0.0001,
    "filters_per_layer": [
      64,
      128,
      256
    ],
    "pool_every": 8,
    "hidden_dims": [
      512,
      256
    ],
    "model_type": "resnet",
    "conv_params": {
      "kernel_size": 3,
      "stride": 1,
      "padding": 1
    },
    "activation_type": "relu",
    "activation_params": {},
    "pooling_type": "max",
    "pooling_params": {
      "kernel_size": 2
    },
    "batchnorm": true,
    "dropout": 0.2,
    "bottleneck": false,
    "kw": {},
    "layers_per_block": 8
  },
  "results": {
    "num_epochs": 17,
    "train_loss": [
      1.8508003485997517,
      1.4995059779882431,
      1.3035672576030095,
      1.1320980683962505,
      0.9894917515118917,
      0.8827529198527336,
      0.7894079062839349,
      0.7086694708764553,
      0.6372924085656801,
      0.5666783071160316,
      0.5066170107275247,
      0.44477000019450985,
      0.38977994680653016,
      0.33517012109359107,
      0.28764169578130044,
      0.24701972247163453,
      0.21859760629634062
    ],
    "train_acc": [
      31.316666666666666,
      44.8,
      52.66041666666667,
      59.31666666666667,
      64.74791666666667,
      68.83958333333334,
      72.09583333333333,
      75.07083333333334,
      77.68541666666667,
      80.03125,
      82.15833333333333,
      84.5625,
      86.425,
      88.41458333333334,
      89.81458333333333,
      91.33541666666666,
      92.32708333333333
    ],
    "test_loss": [
      1.5902342369762092,
      1.3329935393775234,
      1.173385553085766,
      1.0351479605744822,
      0.9294004032787043,
      0.8935546792162874,
      0.836671819702124,
      0.8039948965985173,
      0.8346142569860331,
      0.8257525240460905,
      0.8017728719086693,
      0.846108035348094,
      0.8584255325241973,
      0.8972670188822305,
      0.9729057032936297,
      1.016155881908374,
      1.0344182558524342
    ],
    "test_acc": [
      41.02,
      50.42,
      57.45,
      63.08,
      67.3,
      69.31,
      71.85,
      72.99,
      72.46,
      74.0,
      75.34,
      75.05,
      75.48,
      75.68,
      75.23,
      75.22,
      75.29
    ]
  }
}