{
  "config": {
    "run_name": "exp1_2",
    "out_dir": "/home/galkesten/CS236781/Homework2/results",
    "seed": 42,
    "device": null,
    "bs_train": 32,
    "bs_test": 32,
    "batches": 1500,
    "epochs": 30,
    "early_stopping": 3,
    "checkpoints": null,
    "lr": 0.0001,
    "reg": 0.0001,
    "filters_per_layer": [
      64
    ],
    "pool_every": 4,
    "hidden_dims": [
      128
    ],
    "model_type": "cnn",
    "conv_params": {
      "kernel_size": 3,
      "stride": 1,
      "padding": 1
    },
    "activation_type": "relu",
    "activation_params": {},
    "pooling_type": "max",
    "pooling_params": {
      "kernel_size": 2
    },
    "batchnorm": false,
    "dropout": 0.0,
    "bottleneck": false,
    "kw": {},
    "layers_per_block": 8
  },
  "results": {
    "num_epochs": 15,
    "train_loss": [
      1.8156827534834543,
      1.4773109418948491,
      1.336460230668386,
      1.2376412166754405,
      1.1535855706532796,
      1.0772238754034043,
      1.0086225208838782,
      0.9422849607268969,
      0.8793976063927015,
      0.8189854095975558,
      0.7574988050460816,
      0.6917354808251063,
      0.6329130205313365,
      0.5769148254593214,
      0.525427772919337
    ],
    "train_acc": [
      33.44375,
      46.50833333333333,
      52.13125,
      55.77291666666667,
      59.075,
      61.78333333333333,
      64.56041666666667,
      67.09583333333333,
      69.35625,
      71.31875,
      73.47291666666666,
      76.06875,
      78.26041666666667,
      80.13333333333334,
      81.9375
    ],
    "test_loss": [
      1.6102954248269907,
      1.3991118448610884,
      1.3056242391705133,
      1.2460862222951823,
      1.2055124470981926,
      1.164083045702011,
      1.1712651865931745,
      1.173490593608576,
      1.1519106346578263,
      1.16531897667117,
      1.1968698476830992,
      1.2350051220232687,
      1.293609666938599,
      1.3577709519825043,
      1.4473112547359528
    ],
    "test_acc": [
      41.18,
      49.32,
      52.88,
      55.32,
      57.04,
      58.59,
      58.67,
      59.43,
      60.77,
      61.31,
      61.43,
      61.91,
      61.59,
      60.98,
      60.79
    ]
  }
}