{
  "config": {
    "run_name": "exp1_4",
    "out_dir": "/home/galkesten/CS236781/Homework2/results",
    "seed": 42,
    "device": null,
    "bs_train": 32,
    "bs_test": 32,
    "batches": 1500,
    "epochs": 60,
    "early_stopping": 3,
    "checkpoints": null,
    "lr": 0.0001,
    "reg": 0.0001,
    "filters_per_layer": [
      32
    ],
    "pool_every": 8,
    "hidden_dims": [
      512,
      256
    ],
    "model_type": "resnet",
    "conv_params": {
      "kernel_size": 3,
      "stride": 1,
      "padding": 1
    },
    "activation_type": "relu",
    "activation_params": {},
    "pooling_type": "max",
    "pooling_params": {
      "kernel_size": 2
    },
    "batchnorm": true,
    "dropout": 0.2,
    "bottleneck": false,
    "kw": {},
    "layers_per_block": 16
  },
  "results": {
    "num_epochs": 19,
    "train_loss": [
      1.812671392440796,
      1.494506227572759,
      1.3558510913451514,
      1.230992396513621,
      1.106130101799965,
      1.0130382003386815,
      0.9318511525789896,
      0.8681871194839478,
      0.8087277970910073,
      0.7555825751225154,
      0.7002436021367708,
      0.654527581145366,
      0.6100320375462374,
      0.5571073472499848,
      0.5149999092767636,
      0.4706655005017916,
      0.43070730187992257,
      0.3949824619491895,
      0.3541272141188383
    ],
    "train_acc": [
      33.59166666666667,
      46.175,
      51.3625,
      55.989583333333336,
      60.72083333333333,
      64.025,
      67.20208333333333,
      69.54166666666667,
      71.65625,
      73.41458333333334,
      75.44583333333334,
      77.11458333333333,
      78.87708333333333,
      80.42916666666666,
      81.95208333333333,
      83.5125,
      84.85,
      86.27916666666667,
      87.7375
    ],
    "test_loss": [
      1.573011634829707,
      1.4360795569496032,
      1.2766837119675292,
      1.1311401652451902,
      1.0609134085262164,
      0.9800378485038258,
      0.9450224102876438,
      0.8915635198830797,
      0.87303949716373,
      0.8714770943212052,
      0.8577317272702726,
      0.8378408782588788,
      0.8643973302631713,
      0.86419762066378,
      0.8963188263364493,
      0.9072879389071236,
      0.9743860386811887,
      0.9862885215697578,
      1.0454037284222655
    ],
    "test_acc": [
      43.05,
      48.08,
      53.89,
      59.42,
      62.78,
      65.62,
      67.39,
      69.53,
      70.63,
      70.99,
      72.05,
      72.54,
      72.75,
      72.85,
      72.98,
      73.14,
      72.92,
      73.07,
      72.99
    ]
  }
}