{
  "config": {
    "run_name": "exp1_1_c",
    "out_dir": "/home/chenpery/CS236781/Homework2/results_c",
    "seed": 42,
    "device": null,
    "bs_train": 32,
    "bs_test": 32,
    "batches": 1500,
    "epochs": 30,
    "early_stopping": 3,
    "checkpoints": null,
    "lr": 0.0001,
    "reg": 0.0001,
    "filters_per_layer": [
      64
    ],
    "pool_every": 4,
    "hidden_dims": [
      128
    ],
    "model_type": "cnn",
    "conv_params": {
      "kernel_size": 3,
      "stride": 1,
      "padding": 1
    },
    "activation_type": "relu",
    "activation_params": {},
    "pooling_type": "max",
    "pooling_params": {
      "kernel_size": 2
    },
    "batchnorm": true,
    "dropout": 0.2,
    "bottleneck": false,
    "kw": {},
    "layers_per_block": 2
  },
  "results": {
    "num_epochs": 15,
    "train_loss": [
      1.5505664503971737,
      1.2594961026906968,
      1.1446533283392588,
      1.054475198785464,
      0.9733257298469543,
      0.9001401890913645,
      0.8319062971671423,
      0.7676752576231957,
      0.7056388495167096,
      0.6454639638562997,
      0.5868055614630381,
      0.5290433615644773,
      0.4726699980099996,
      0.4174468842446804,
      0.36430677032470704
    ],
    "train_acc": [
      44.858333333333334,
      55.47291666666667,
      59.739583333333336,
      63.275,
      66.275,
      68.83541666666666,
      71.13958333333333,
      73.67708333333333,
      76.02083333333333,
      78.26041666666667,
      80.5625,
      82.85,
      85.07916666666667,
      87.3125,
      89.43125
    ],
    "test_loss": [
      1.3757228544725777,
      1.264312569135294,
      1.2011383215840252,
      1.147586126297046,
      1.1119740447297264,
      1.09022891673798,
      1.0774327636526797,
      1.0759699413189874,
      1.0804879095988533,
      1.0917089539594924,
      1.1074513309298994,
      1.128787012336353,
      1.161678180146141,
      1.2065540990128685,
      1.259407504678915
    ],
    "test_acc": [
      50.2,
      54.88,
      57.42,
      59.37,
      60.85,
      61.76,
      62.67,
      63.05,
      63.16,
      63.41,
      63.69,
      63.74,
      63.47,
      63.4,
      63.46
    ]
  }
}