{
  "config": {
    "run_name": "exp1_1_c",
    "out_dir": "/home/chenpery/CS236781/Homework2/results_c",
    "seed": 42,
    "device": null,
    "bs_train": 32,
    "bs_test": 32,
    "batches": 1500,
    "epochs": 30,
    "early_stopping": 3,
    "checkpoints": null,
    "lr": 0.0001,
    "reg": 0.0001,
    "filters_per_layer": [
      64
    ],
    "pool_every": 4,
    "hidden_dims": [
      128
    ],
    "model_type": "cnn",
    "conv_params": {
      "kernel_size": 3,
      "stride": 1,
      "padding": 1
    },
    "activation_type": "relu",
    "activation_params": {},
    "pooling_type": "max",
    "pooling_params": {
      "kernel_size": 2
    },
    "batchnorm": true,
    "dropout": 0.2,
    "bottleneck": false,
    "kw": {},
    "layers_per_block": 4
  },
  "results": {
    "num_epochs": 16,
    "train_loss": [
      1.6532722433408102,
      1.3534639746745427,
      1.2205452251434326,
      1.1287053227424622,
      1.0505377884705862,
      0.979757299999396,
      0.9120147435069084,
      0.844377516011397,
      0.7787110392053922,
      0.7143868357340495,
      0.6512022736767927,
      0.5880105699002742,
      0.5254730556706587,
      0.4621298354168733,
      0.4019101325968901,
      0.34821572664380074
    ],
    "train_acc": [
      40.21875,
      51.49791666666667,
      56.422916666666666,
      59.94583333333333,
      62.94375,
      65.65416666666667,
      68.27708333333334,
      70.73333333333333,
      73.03333333333333,
      75.37083333333334,
      77.71875,
      79.94375,
      82.225,
      84.63541666666667,
      86.79166666666667,
      88.62291666666667
    ],
    "test_loss": [
      1.4376385040557422,
      1.3112100109505578,
      1.2302829986943986,
      1.1786955417916416,
      1.1471129465407837,
      1.116468291884413,
      1.0893024324228207,
      1.073762718766642,
      1.0672293565334223,
      1.0574408140235816,
      1.0655503929994357,
      1.0773998262783209,
      1.1209157984287212,
      1.1894197580151664,
      1.281443193888131,
      1.373202843978382
    ],
    "test_acc": [
      48.36,
      53.14,
      56.09,
      58.58,
      59.77,
      60.8,
      62.06,
      63.2,
      63.94,
      64.75,
      65.2,
      65.81,
      65.94,
      65.68,
      64.89,
      64.6
    ]
  }
}