{
  "config": {
    "run_name": "exp1_1_c",
    "out_dir": "/home/chenpery/CS236781/Homework2/results_c",
    "seed": 42,
    "device": null,
    "bs_train": 32,
    "bs_test": 32,
    "batches": 1500,
    "epochs": 30,
    "early_stopping": 3,
    "checkpoints": null,
    "lr": 0.0001,
    "reg": 0.0001,
    "filters_per_layer": [
      32
    ],
    "pool_every": 4,
    "hidden_dims": [
      128
    ],
    "model_type": "cnn",
    "conv_params": {
      "kernel_size": 3,
      "stride": 1,
      "padding": 1
    },
    "activation_type": "relu",
    "activation_params": {},
    "pooling_type": "max",
    "pooling_params": {
      "kernel_size": 2
    },
    "batchnorm": true,
    "dropout": 0.2,
    "bottleneck": false,
    "kw": {},
    "layers_per_block": 2
  },
  "results": {
    "num_epochs": 24,
    "train_loss": [
      1.6934023402531941,
      1.4112624066670736,
      1.29016741446654,
      1.2078235230048497,
      1.1460889524618785,
      1.0949478911161423,
      1.0502080363432567,
      1.0096786383390426,
      0.970968007683754,
      0.9337918749252955,
      0.8974570181767145,
      0.8619885830879211,
      0.8274971391359965,
      0.7939460902611415,
      0.7606807993849118,
      0.7283021025061608,
      0.6964876387914022,
      0.6651152926882108,
      0.6346496433814367,
      0.6039465828239918,
      0.5742235950132211,
      0.5448712165256341,
      0.5156536808609963,
      0.4867674982647101
    ],
    "train_acc": [
      39.76875,
      50.03958333333333,
      54.3625,
      57.264583333333334,
      59.479166666666664,
      61.31666666666667,
      62.9375,
      64.50208333333333,
      65.93541666666667,
      67.4375,
      68.84166666666667,
      70.1875,
      71.49583333333334,
      72.6625,
      73.81458333333333,
      75.01458333333333,
      76.17916666666666,
      77.3375,
      78.49791666666667,
      79.72916666666667,
      80.92083333333333,
      82.10416666666667,
      83.22291666666666,
      84.37708333333333
    ],
    "test_loss": [
      1.4912780694687329,
      1.3503534868121527,
      1.2709345870886366,
      1.2240752248337474,
      1.189247998376243,
      1.1635101479463303,
      1.1404424894351166,
      1.120993350450985,
      1.1029365742549349,
      1.088974122612621,
      1.078952027966801,
      1.0712228565932083,
      1.0640894534488836,
      1.0601654759230323,
      1.0574469404479565,
      1.0603866512402178,
      1.0650354909439819,
      1.0702220609012885,
      1.0769700924047647,
      1.0869311197116351,
      1.0968992553960781,
      1.112985473852188,
      1.1307855678823429,
      1.1539899988677174
    ],
    "test_acc": [
      46.67,
      52.26,
      54.89,
      56.69,
      57.7,
      58.54,
      59.43,
      59.88,
      60.46,
      61.03,
      61.58,
      62.18,
      62.38,
      62.78,
      63.11,
      63.05,
      63.18,
      63.34,
      63.48,
      63.54,
      63.64,
      63.51,
      63.32,
      62.97
    ]
  }
}