{
  "config": {
    "run_name": "exp1_1_c",
    "out_dir": "/home/chenpery/CS236781/Homework2/results_c",
    "seed": 42,
    "device": null,
    "bs_train": 32,
    "bs_test": 32,
    "batches": 1500,
    "epochs": 30,
    "early_stopping": 3,
    "checkpoints": null,
    "lr": 0.0001,
    "reg": 0.0001,
    "filters_per_layer": [
      64
    ],
    "pool_every": 4,
    "hidden_dims": [
      128
    ],
    "model_type": "cnn",
    "conv_params": {
      "kernel_size": 3,
      "stride": 1,
      "padding": 1
    },
    "activation_type": "relu",
    "activation_params": {},
    "pooling_type": "max",
    "pooling_params": {
      "kernel_size": 2
    },
    "batchnorm": true,
    "dropout": 0.2,
    "bottleneck": false,
    "kw": {},
    "layers_per_block": 8
  },
  "results": {
    "num_epochs": 14,
    "train_loss": [
      1.809017187833786,
      1.4746078977982202,
      1.336091496984164,
      1.2288279138008753,
      1.1393186776240667,
      1.0612237309217454,
      0.9887457509438197,
      0.9206597911119461,
      0.8548969413638114,
      0.7926707494656245,
      0.7339495766460895,
      0.6751012327671051,
      0.623021882156531,
      0.5758509970307351
    ],
    "train_acc": [
      33.489583333333336,
      46.50208333333333,
      51.920833333333334,
      56.02708333333333,
      59.37083333333333,
      62.47708333333333,
      65.10208333333334,
      67.55416666666666,
      70.15416666666667,
      72.375,
      74.41875,
      76.68541666666667,
      78.57083333333334,
      80.07083333333334
    ],
    "test_loss": [
      1.625686629892538,
      1.3987348085394302,
      1.2896166219117162,
      1.2103060908591785,
      1.1545992158472347,
      1.13252014283555,
      1.1214161909426363,
      1.085973488827483,
      1.098046364875647,
      1.1224093730457294,
      1.1450159460210954,
      1.2042040463072805,
      1.270803202455417,
      1.3627185191209323
    ],
    "test_acc": [
      40.72,
      49.08,
      53.62,
      56.66,
      58.88,
      59.54,
      60.47,
      62.17,
      62.42,
      62.68,
      63.46,
      63.25,
      63.33,
      62.89
    ]
  }
}