{
  "config": {
    "run_name": "exp1_1_c",
    "out_dir": "/home/chenpery/CS236781/Homework2/results_c",
    "seed": 42,
    "device": null,
    "bs_train": 32,
    "bs_test": 32,
    "batches": 1500,
    "epochs": 30,
    "early_stopping": 3,
    "checkpoints": null,
    "lr": 0.0001,
    "reg": 0.0001,
    "filters_per_layer": [
      32
    ],
    "pool_every": 4,
    "hidden_dims": [
      128
    ],
    "model_type": "cnn",
    "conv_params": {
      "kernel_size": 3,
      "stride": 1,
      "padding": 1
    },
    "activation_type": "relu",
    "activation_params": {},
    "pooling_type": "max",
    "pooling_params": {
      "kernel_size": 2
    },
    "batchnorm": true,
    "dropout": 0.2,
    "bottleneck": false,
    "kw": {},
    "layers_per_block": 4
  },
  "results": {
    "num_epochs": 22,
    "train_loss": [
      1.759007534901301,
      1.4800283324718475,
      1.3570424371560414,
      1.257522354523341,
      1.1842847613493601,
      1.1280381924708685,
      1.0799258391459783,
      1.034903653204441,
      0.9934512306650479,
      0.954643613298734,
      0.9174109595020612,
      0.8808301527102789,
      0.8455862835844358,
      0.8108509831428528,
      0.7759424953460693,
      0.7412368211746215,
      0.7067939062317212,
      0.6727251699765523,
      0.6383462443649769,
      0.6034925271173318,
      0.5701494952042897,
      0.5367946883440018
    ],
    "train_acc": [
      36.458333333333336,
      47.264583333333334,
      51.68958333333333,
      55.172916666666666,
      57.85,
      59.889583333333334,
      61.8375,
      63.60208333333333,
      65.12083333333334,
      66.5375,
      67.88958333333333,
      69.26666666666667,
      70.61041666666667,
      71.79791666666667,
      73.07916666666667,
      74.28333333333333,
      75.57916666666667,
      76.73541666666667,
      78.01458333333333,
      79.23125,
      80.54791666666667,
      81.81458333333333
    ],
    "test_loss": [
      1.5493538950959715,
      1.4030731044257412,
      1.307696008644165,
      1.2308112441922148,
      1.1796419477691285,
      1.1422993708342408,
      1.1129336833192136,
      1.0879679225123347,
      1.068525115712382,
      1.0581263206637324,
      1.045240169896866,
      1.0374802451925917,
      1.030648976088332,
      1.0256135315179062,
      1.03105723172331,
      1.0347521264141741,
      1.0464797019006344,
      1.0612586110163802,
      1.0634641948218544,
      1.0761068867989623,
      1.093694650517485,
      1.1283894549733915
    ],
    "test_acc": [
      44.01,
      49.84,
      53.45,
      56.27,
      58.0,
      59.54,
      60.45,
      61.36,
      62.36,
      62.75,
      63.18,
      63.61,
      63.88,
      64.31,
      64.17,
      64.35,
      64.4,
      64.45,
      64.82,
      64.81,
      64.75,
      64.52
    ]
  }
}