{
  "config": {
    "run_name": "exp1_1_c",
    "out_dir": "/home/chenpery/CS236781/Homework2/results_c",
    "seed": 42,
    "device": null,
    "bs_train": 32,
    "bs_test": 32,
    "batches": 1500,
    "epochs": 30,
    "early_stopping": 3,
    "checkpoints": null,
    "lr": 0.0001,
    "reg": 0.0001,
    "filters_per_layer": [
      32
    ],
    "pool_every": 4,
    "hidden_dims": [
      128
    ],
    "model_type": "cnn",
    "conv_params": {
      "kernel_size": 3,
      "stride": 1,
      "padding": 1
    },
    "activation_type": "relu",
    "activation_params": {},
    "pooling_type": "max",
    "pooling_params": {
      "kernel_size": 2
    },
    "batchnorm": true,
    "dropout": 0.2,
    "bottleneck": false,
    "kw": {},
    "layers_per_block": 8
  },
  "results": {
    "num_epochs": 18,
    "train_loss": [
      1.9059865323702494,
      1.6428330187002818,
      1.529553998351097,
      1.4503927788734436,
      1.3800091772079468,
      1.3156230268875757,
      1.2576379444996515,
      1.2015241837501527,
      1.148613176147143,
      1.0975382630228996,
      1.0498380378286043,
      1.006096608221531,
      0.9648338874181112,
      0.9247052622437477,
      0.8867861312826475,
      0.8515803893407186,
      0.8177999318639437,
      0.7859886686007181
    ],
    "train_acc": [
      29.116666666666667,
      39.87083333333333,
      44.552083333333336,
      47.49375,
      50.10625,
      52.84791666666667,
      54.989583333333336,
      57.18125,
      59.21041666666667,
      61.38333333333333,
      63.175,
      64.92291666666667,
      66.62708333333333,
      67.91666666666667,
      69.09375,
      70.46458333333334,
      71.73958333333333,
      72.81875
    ],
    "test_loss": [
      1.7398182736418117,
      1.5885549886538959,
      1.483146064959395,
      1.4190662303290809,
      1.3682322938221332,
      1.3224711050621618,
      1.2854476635829328,
      1.2442699617471178,
      1.2089973619570746,
      1.172102476651676,
      1.1462728268803117,
      1.1282200289610476,
      1.1158217597312439,
      1.1128842497405154,
      1.1229174059039106,
      1.1357269891725181,
      1.1558154999448087,
      1.1858012929511146
    ],
    "test_acc": [
      35.91,
      42.35,
      45.89,
      48.34,
      50.69,
      52.66,
      54.51,
      55.95,
      57.34,
      58.75,
      59.51,
      60.32,
      61.14,
      61.49,
      61.69,
      61.64,
      61.52,
      61.16
    ]
  }
}