{
  "config": {
    "run_name": "exp1_1_c",
    "out_dir": "/home/chenpery/CS236781/Homework2/results_c",
    "seed": 42,
    "device": null,
    "bs_train": 32,
    "bs_test": 32,
    "batches": 1500,
    "epochs": 30,
    "early_stopping": 3,
    "checkpoints": null,
    "lr": 0.0001,
    "reg": 0.0001,
    "filters_per_layer": [
      64
    ],
    "pool_every": 4,
    "hidden_dims": [
      128
    ],
    "model_type": "cnn",
    "conv_params": {
      "kernel_size": 3,
      "stride": 1,
      "padding": 1
    },
    "activation_type": "relu",
    "activation_params": {},
    "pooling_type": "max",
    "pooling_params": {
      "kernel_size": 2
    },
    "batchnorm": true,
    "dropout": 0.2,
    "bottleneck": false,
    "kw": {},
    "layers_per_block": 16
  },
  "results": {
    "num_epochs": 4,
    "train_loss": [
      2.303005714893341,
      2.3027692969640094,
      2.3027455393473306,
      2.302728326479594
    ],
    "train_acc": [
      9.85625,
      9.860416666666667,
      9.875,
      9.802083333333334
    ],
    "test_loss": [
      2.3026964641607606,
      2.3026662246106913,
      2.3026463200870793,
      2.302637357681323
    ],
    "test_acc": [
      10.0,
      10.0,
      10.0,
      10.0
    ]
  }
}